{
  "dataset": "data/processed/mnist_small.npz",
  "num_samples": 1800,
  "accuracy": 0.9805555555555555,
  "per_class": {
    "0": {
      "precision": 0.9828571428571429,
      "recall": 1.0,
      "f1-score": 0.9913544668587896,
      "support": 172
    },
    "1": {
      "precision": 0.9900990099009901,
      "recall": 0.9900990099009901,
      "f1-score": 0.9900990099009901,
      "support": 202
    },
    "2": {
      "precision": 0.9619565217391305,
      "recall": 1.0,
      "f1-score": 0.9806094182825484,
      "support": 177
    },
    "3": {
      "precision": 0.9548022598870056,
      "recall": 0.9883040935672515,
      "f1-score": 0.9712643678160919,
      "support": 171
    },
    "4": {
      "precision": 0.9896373056994818,
      "recall": 0.9896373056994818,
      "f1-score": 0.9896373056994818,
      "support": 193
    },
    "5": {
      "precision": 0.9748427672955975,
      "recall": 0.9748427672955975,
      "f1-score": 0.9748427672955975,
      "support": 159
    },
    "6": {
      "precision": 0.9941520467836257,
      "recall": 0.9659090909090909,
      "f1-score": 0.9798270893371758,
      "support": 176
    },
    "7": {
      "precision": 0.9899497487437185,
      "recall": 0.9704433497536946,
      "f1-score": 0.9800995024875622,
      "support": 203
    },
    "8": {
      "precision": 0.9871794871794872,
      "recall": 0.9625,
      "f1-score": 0.9746835443037974,
      "support": 160
    },
    "9": {
      "precision": 0.9782608695652174,
      "recall": 0.9625668449197861,
      "f1-score": 0.9703504043126685,
      "support": 187
    }
  },
  "confusion_matrix": [
    [
      172,
      0,
      0,
      0,
      0,
      0,
      0,
      0,
      0,
      0
    ],
    [
      0,
      200,
      0,
      1,
      0,
      0,
      0,
      0,
      1,
      0
    ],
    [
      0,
      0,
      177,
      0,
      0,
      0,
      0,
      0,
      0,
      0
    ],
    [
      0,
      0,
      1,
      169,
      0,
      0,
      0,
      0,
      0,
      1
    ],
    [
      0,
      0,
      0,
      0,
      191,
      0,
      0,
      0,
      0,
      2
    ],
    [
      0,
      0,
      1,
      3,
      0,
      155,
      0,
      0,
      0,
      0
    ],
    [
      1,
      0,
      1,
      0,
      2,
      2,
      170,
      0,
      0,
      0
    ],
    [
      0,
      1,
      2,
      1,
      0,
      1,
      0,
      197,
      0,
      1
    ],
    [
      0,
      1,
      1,
      2,
      0,
      1,
      1,
      0,
      154,
      0
    ],
    [
      2,
      0,
      1,
      1,
      0,
      0,
      0,
      2,
      1,
      180
    ]
  ]
}